{
"Extrinsic":[[-0.80493,-0.593353,-0.00433626,-0.189478],[0.0530813,-0.0647265,-0.99649,-0.350372],[0.59099,-0.802336,0.0835964,-0.321326],[0,0,0,1]],

"Intrinsic":[[1219.08,0,805.8],[0,1232.41,478.171],[0,0,1]],

"Distortion":[0,0,0,0]}
